Rank,MovieName,ReleaseYear,EloRating,TimesCompeted,LetterboxdLink
1,Black Swan,2010,1405,12,https://letterboxd.com/film/black-swan/
2,The Dark Knight,2008,1392,12,https://letterboxd.com/film/the-dark-knight/
3,The Social Network,2010,1384,12,https://letterboxd.com/film/the-social-network/
4,Pulp Fiction,1994,1366,12,https://letterboxd.com/film/pulp-fiction/
5,The Lord of the Rings: The Two Towers,2002,1361,12,https://letterboxd.com/film/the-lord-of-the-rings-the-two-towers/
6,The Lord of the Rings: The Return of the King,2003,1357,12,https://letterboxd.com/film/the-lord-of-the-rings-the-return-of-the-king/
7,The Empire Strikes Back,1980,1351,12,https://letterboxd.com/film/the-empire-strikes-back/
8,The Silence of the Lambs,1991,1345,12,https://letterboxd.com/film/the-silence-of-the-lambs/
9,Interstellar,2014,1342,12,https://letterboxd.com/film/interstellar/
10,The Lord of the Rings: The Fellowship of the Ring,2001,1339,12,https://letterboxd.com/film/the-lord-of-the-rings-the-fellowship-of-the-ring/
11,The Shawshank Redemption,1994,1339,12,https://letterboxd.com/film/the-shawshank-redemption/
12,Good Will Hunting,1997,1338,12,https://letterboxd.com/film/good-will-hunting/
13,Ratatouille,2007,1334,12,https://letterboxd.com/film/ratatouille/
14,Whiplash,2014,1327,12,https://letterboxd.com/film/whiplash-2014/
15,Schindler's List,1993,1325,12,https://letterboxd.com/film/schindlers-list/
16,Scott Pilgrim vs. The World,2010,1325,12,https://letterboxd.com/film/scott-pilgrim-vs-the-world/
17,Inglourious Basterds,2009,1321,12,https://letterboxd.com/film/inglourious-basterds/
18,The Martian,2015,1316,12,https://letterboxd.com/film/the-martian/
19,The Godfather Part II,1974,1315,12,https://letterboxd.com/film/the-godfather-part-ii/
20,The Godfather,1972,1314,12,https://letterboxd.com/film/the-godfather/
21,Se7en,1995,1314,12,https://letterboxd.com/film/se7en/
22,Saving Private Ryan,1998,1305,12,https://letterboxd.com/film/saving-private-ryan/
23,Joker,2019,1305,13,https://letterboxd.com/film/joker-2019/
24,WALL-E,2008,1303,12,https://letterboxd.com/film/walle/
25,Arrival,2016,1302,12,https://letterboxd.com/film/arrival-2016/
26,Spider-Man: Into the Spider-verse,2018,1301,12,https://letterboxd.com/film/spider-man-into-the-spider-verse/
27,Inception,2010,1300,12,https://letterboxd.com/film/inception/
28,Oppenheimer,2023,1295,13,https://letterboxd.com/film/oppenheimer-2023/
29,Full Metal Jacket,1987,1291,12,https://letterboxd.com/film/full-metal-jacket/
30,Forrest Gump,1994,1290,12,https://letterboxd.com/film/forrest-gump/
31,City of God,2002,1289,12,https://letterboxd.com/film/city-of-god/
32,Lady Bird,2017,1284,12,https://letterboxd.com/film/lady-bird/
33,The Big Short,2015,1284,12,https://letterboxd.com/film/the-big-short/
34,The Imitation Game,2014,1283,12,https://letterboxd.com/film/the-imitation-game/
35,Your Name,2016,1280,12,https://letterboxd.com/film/your-name/
36,Spider-Man: Across the Spider-Verse,2023,1279,12,https://letterboxd.com/film/spider-man-across-the-spider-verse/
37,Everything Everywhere All At Once,2022,1279,12,https://letterboxd.com/film/everything-everywhere-all-at-once/
38,Goodfellas,1990,1279,12,https://letterboxd.com/film/goodfellas/
39,Terminator 2: Judgment Day,1991,1277,12,https://letterboxd.com/film/terminator-2-judgment-day/
40,American Psycho,2000,1277,12,https://letterboxd.com/film/american-psycho/
41,The Prestige,2006,1277,12,https://letterboxd.com/film/the-prestige/
42,Eternal Sunshine of the Spotless Mind,2004,1277,12,https://letterboxd.com/film/eternal-sunshine-of-the-spotless-mind/
43,La La Land,2016,1271,12,https://letterboxd.com/film/la-la-land/
44,Back to the Future,1985,1270,12,https://letterboxd.com/film/back-to-the-future/
45,Star Wars: Episode IV - A New Hope,1977,1267,12,https://letterboxd.com/film/star-wars-episode-iv-a-new-hope/
46,Fight Club,1999,1267,12,https://letterboxd.com/film/fight-club/
47,Raiders of the Lost Ark,1981,1266,12,https://letterboxd.com/film/raiders-of-the-lost-ark/
48,The Grand Budapest Hotel,2014,1266,12,https://letterboxd.com/film/the-grand-budapest-hotel/
49,Dr. Strangelove or: How I Learned to Stop Worrying and Love the Bomb,1964,1266,12,https://letterboxd.com/film/dr-strangelove-or-how-i-learned-to-stop-worrying-and-love-the-bomb/
50,A Quiet Place,2018,1265,12,https://letterboxd.com/film/a-quiet-place-2018/
51,Kill Bill Vol. 1,2003,1264,12,https://letterboxd.com/film/kill-bill-vol-1/
52,Princess Mononoke,1997,1260,12,https://letterboxd.com/film/princess-mononoke/
53,Puss in Boots: The Last Wish,2022,1258,12,https://letterboxd.com/film/puss-in-boots-the-last-wish/
54,Monty Python and the Holy Grail,1975,1256,12,https://letterboxd.com/film/monty-python-and-the-holy-grail/
55,1917,2019,1255,12,https://letterboxd.com/film/1917/
56,Dead Poets' Society,1989,1255,12,https://letterboxd.com/film/dead-poets-society/
57,Moonlight,2016,1251,12,https://letterboxd.com/film/moonlight-2016/
58,Whisper of the Heart,1995,1249,12,https://letterboxd.com/film/whisper-of-the-heart/
59,Mad Max: Fury Road,2015,1249,12,https://letterboxd.com/film/mad-max-fury-road/
60,The Dark Knight Rises,2012,1247,12,https://letterboxd.com/film/the-dark-knight-rises/
61,Silver Linings Playbook,2012,1245,12,https://letterboxd.com/film/silver-linings-playbook/
62,No Country For Old Men,2007,1238,13,https://letterboxd.com/film/no-country-for-old-men/
63,Saw,2004,1237,13,https://letterboxd.com/film/saw/
64,Mulan,1998,1237,12,https://letterboxd.com/film/mulan/
65,Citizen Kane,1941,1235,13,https://letterboxd.com/film/citizen-kane/
66,South Park: Bigger Longer and Uncut,1999,1233,12,https://letterboxd.com/film/south-park-bigger-longer-uncut/
67,The Wild Robot,2024,1230,12,https://letterboxd.com/film/the-wild-robot/
68,Hidden Figures,2016,1230,12,https://letterboxd.com/film/hidden-figures/
69,Spirited Away,2001,1230,12,https://letterboxd.com/film/spirited-away/
70,Get Out,2017,1230,12,https://letterboxd.com/film/get-out-2017/
71,The Incredibles,2004,1229,12,https://letterboxd.com/film/the-incredibles/
72,12 Years a Slave,2013,1228,12,https://letterboxd.com/film/12-years-a-slave/
73,The Holdovers,2023,1226,13,https://letterboxd.com/film/the-holdovers/
74,Shrek 2,2004,1226,12,https://letterboxd.com/film/shrek-2/
75,Encanto,2021,1224,12,https://letterboxd.com/film/encanto/
76,Jurassic Park,1993,1222,12,https://letterboxd.com/film/jurassic-park/
77,2001: A Space Odyssey,1968,1219,12,https://letterboxd.com/film/2001-a-space-odyssey/
78,Avengers: Infinity War,2018,1216,12,https://letterboxd.com/film/avengers-infinity-war/
79,Midsommar,2019,1214,12,https://letterboxd.com/film/midsommar/
80,Battle Royale,2000,1214,12,https://letterboxd.com/film/battle-royale/
81,Avengers: Endgame,2019,1212,12,https://letterboxd.com/film/avengers-endgame/
82,My Neighbor Totoro,1988,1212,12,https://letterboxd.com/film/my-neighbor-totoro/
83,Wicked,2024,1211,12,https://letterboxd.com/film/wicked-2024/
84,Indiana Jones and the Last Crusade,1989,1209,12,https://letterboxd.com/film/indiana-jones-and-the-last-crusade/
85,Nickel Boys,2024,1209,12,https://letterboxd.com/film/nickel-boys/
86,The Wind Rises,2013,1207,12,https://letterboxd.com/film/the-wind-rises/
87,Barbie,2023,1206,12,https://letterboxd.com/film/barbie/
88,The Disaster Artist,2017,1206,12,https://letterboxd.com/film/the-disaster-artist/
89,How to Train Your Dragon,2010,1204,12,https://letterboxd.com/film/how-to-train-your-dragon/
90,The Banshees of Inisherin,2022,1203,12,https://letterboxd.com/film/the-banshees-of-inisherin/
91,Poor Things,2023,1203,12,https://letterboxd.com/film/poor-things-2023/
92,Shrek,2001,1203,12,https://letterboxd.com/film/shrek/
93,Akira,1988,1202,12,https://letterboxd.com/film/akira/
94,Her,2013,1202,12,https://letterboxd.com/film/her/
95,The Mitchells vs. The Machines,2021,1200,12,https://letterboxd.com/film/the-mitchells-vs-the-machines/
96,Pirates of the Caribbean: The Curse of the Black Pearl,2003,1200,12,https://letterboxd.com/film/pirates-of-the-caribbean-the-curse-of-the-black-pearl/
97,The Zone of Interest,2023,1200,12,https://letterboxd.com/film/the-zone-of-interest/
98,Jaws,1975,1198,12,https://letterboxd.com/film/jaws/
99,To Kill A Mockingbird,1962,1198,12,https://letterboxd.com/film/to-kill-a-mockingbird/
100,The Lion King,1994,1198,12,https://letterboxd.com/film/the-lion-king/
101,The Sixth Sense,1999,1198,12,https://letterboxd.com/film/the-sixth-sense/
102,Alien,1979,1196,12,https://letterboxd.com/film/alien/
103,The Great Dictator,1940,1195,12,https://letterboxd.com/film/the-great-dictator/
104,Top Gun: Maverick,2022,1194,12,https://letterboxd.com/film/top-gun-maverick/
105,The Menu,2022,1193,12,https://letterboxd.com/film/the-menu-2022/
106,All Quiet on the Western Front,2022,1192,12,https://letterboxd.com/film/all-quiet-on-the-western-front-2022/
107,Conclave,2024,1192,12,https://letterboxd.com/film/conclave/
108,Letters From Iwo Jima,2006,1191,12,https://letterboxd.com/film/letters-from-iwo-jima/
109,The Truman Show,1998,1191,12,https://letterboxd.com/film/the-truman-show/
110,Superbad,2007,1188,12,https://letterboxd.com/film/superbad/
111,The Revenant,2015,1188,12,https://letterboxd.com/film/the-revenant-2015/
112,The Iron Giant,1999,1188,12,https://letterboxd.com/film/the-iron-giant/
113,Toy Story 2,1999,1187,12,https://letterboxd.com/film/toy-story-2/
114,Million Dollar Baby,2004,1186,12,https://letterboxd.com/film/million-dollar-baby/
115,Kung Fu Panda,2008,1185,12,https://letterboxd.com/film/kung-fu-panda/
116,Dunkirk,2017,1184,12,https://letterboxd.com/film/dunkirk-2017/
117,Batman Begins,2005,1182,12,https://letterboxd.com/film/batman-begins/
118,A Real Pain,2024,1182,12,https://letterboxd.com/film/a-real-pain/
119,Return of the Jedi,1983,1179,12,https://letterboxd.com/film/return-of-the-jedi/
120,Little Women,2019,1178,12,https://letterboxd.com/film/little-women-2019/
121,Kill Bill Vol. 2,2004,1177,12,https://letterboxd.com/film/kill-bill-vol-2/
122,Argo,2012,1176,12,https://letterboxd.com/film/argo/
123,The Lego Movie,2014,1176,12,https://letterboxd.com/film/the-lego-movie/
124,Coco,2017,1173,12,https://letterboxd.com/film/coco-2017/
125,Moana,2016,1173,12,https://letterboxd.com/film/moana-2016/
126,Inside Out,2015,1172,12,https://letterboxd.com/film/inside-out-2015/
127,Saw II,2005,1171,12,https://letterboxd.com/film/saw-ii/
128,Toy Story,1995,1171,12,https://letterboxd.com/film/toy-story/
129,How to Train Your Dragon 2,2014,1170,12,https://letterboxd.com/film/how-to-train-your-dragon-2/
130,The Princess Bride,1987,1169,12,https://letterboxd.com/film/the-princess-bride/
131,Aladdin,1992,1169,12,https://letterboxd.com/film/aladdin/
132,Steve Jobs,2015,1161,12,https://letterboxd.com/film/steve-jobs/
133,Glass Onion: A Knives Out Mystery,2022,1158,12,https://letterboxd.com/film/glass-onion-a-knives-out-mystery/
134,The Terminator,1984,1158,12,https://letterboxd.com/film/the-terminator/
135,Jojo Rabbit,2019,1157,12,https://letterboxd.com/film/jojo-rabbit/
136,Molly's Game,2017,1157,12,https://letterboxd.com/film/mollys-game/
137,Scream,1997,1156,12,https://letterboxd.com/film/scream/
138,District 9,2009,1153,12,https://letterboxd.com/film/district-9/
139,Captain America: Civil War,2016,1152,12,https://letterboxd.com/film/captain-america-civil-war/
140,Back to the Future Part II,1989,1150,13,https://letterboxd.com/film/back-to-the-future-part-ii/
141,Thor: Ragnarok,2017,1150,12,https://letterboxd.com/film/thor-ragnarok/
142,Lilo & Stitch,2002,1150,12,https://letterboxd.com/film/lilo-stitch/
143,Iron Man,2008,1148,12,https://letterboxd.com/film/iron-man-2008/
144,Office Space,1999,1146,12,https://letterboxd.com/film/office-space/
145,Captain America: The Winter Soldier,2014,1144,12,https://letterboxd.com/film/captain-america-the-winter-soldier/
146,"O'Brother, Where Art Thou",2000,1143,12,https://letterboxd.com/film/o-brother-where-art-thou/
147,Ghostbusters,1984,1143,12,https://letterboxd.com/film/ghostbusters/
148,Slumdog Millionaire,2008,1142,12,https://letterboxd.com/film/slumdog-millionaire/
149,The Batman,2022,1141,12,https://letterboxd.com/film/the-batman/
150,John Wick,2014,1141,12,https://letterboxd.com/film/john-wick/
151,Kingsman: The Secret Service,2014,1140,12,https://letterboxd.com/film/kingsman-the-secret-service/
152,Isle of Dogs,2018,1138,12,https://letterboxd.com/film/isle-of-dogs-2018/
153,Sonic the Hedgehog 3,2024,1137,12,https://letterboxd.com/film/sonic-the-hedgehog-3/
154,E.T. the Extra-Terrestrial,1982,1137,12,https://letterboxd.com/film/et-the-extra-terrestrial/
155,Monster's Inc,2001,1135,12,https://letterboxd.com/film/monsters-inc/
156,Spider-Man: No Way Home,2021,1134,12,https://letterboxd.com/film/spider-man-no-way-home/
157,Monty Python's Life of Brian,1979,1134,13,https://letterboxd.com/film/monty-pythons-life-of-brian/
158,Bohemian Rhapsody,2018,1133,12,https://letterboxd.com/film/bohemian-rhapsody/
159,Limitless,2011,1132,12,https://letterboxd.com/film/limitless/
160,Fantastic Mr. Fox,2009,1131,12,https://letterboxd.com/film/fantastic-mr-fox/
161,Spider-Man 2,2004,1131,12,https://letterboxd.com/film/spider-man-2/
162,Ferris Bueller's Day Off,1986,1130,12,https://letterboxd.com/film/ferris-buellers-day-off/
163,Zootopia,2016,1129,12,https://letterboxd.com/film/zootopia/
164,Deadpool,2016,1127,12,https://letterboxd.com/film/deadpool/
165,Toy Story 3,2010,1126,12,https://letterboxd.com/film/toy-story-3/
166,Sixteen Candles,2016,1126,12,https://letterboxd.com/film/sixteen-candles/
167,Harry Potter and the Deathly Hallows Part 2,2011,1125,12,https://letterboxd.com/film/harry-potter-and-the-deathly-hallows-part-2/
168,King Richard,2021,1121,12,https://letterboxd.com/film/king-richard/
169,Juno,2007,1120,12,https://letterboxd.com/film/juno/
170,The King's Speech,2010,1120,12,https://letterboxd.com/film/the-kings-speech/
171,Star Wars: Episode VII - The Force Awakens,2015,1120,12,https://letterboxd.com/film/star-wars-episode-vii-the-force-awakens/
172,Chef,2014,1119,12,https://letterboxd.com/film/chef/
173,Kung Fu Panda 2,2011,1119,12,https://letterboxd.com/film/kung-fu-panda-2/
174,Spotlight,2015,1119,12,https://letterboxd.com/film/spotlight/
175,The Wizard of Oz,1939,1119,12,https://letterboxd.com/film/the-wizard-of-oz-1939/
176,American Sniper,2014,1117,12,https://letterboxd.com/film/american-sniper/
177,Beauty and the Beast,1991,1117,12,https://letterboxd.com/film/beauty-and-the-beast-1991/
178,The Secret Life of Walter Mitty,2013,1116,12,https://letterboxd.com/film/the-secret-life-of-walter-mitty-2013/
179,Avatar: The Way of Water,2022,1116,12,https://letterboxd.com/film/avatar-the-way-of-water/
180,Willy Wonka & the Chocolate Factory,1971,1114,12,https://letterboxd.com/film/willy-wonka-the-chocolate-factory/
181,Star Wars: Episode III - Revenge of the Sith,2005,1114,12,https://letterboxd.com/film/star-wars-episode-iii-revenge-of-the-sith/
182,Megamind,2010,1111,12,https://letterboxd.com/film/megamind/
183,Nimona,2023,1110,12,https://letterboxd.com/film/nimona-2023/
184,Deadpool 2,2018,1110,12,https://letterboxd.com/film/deadpool-2/
185,Stand and Deliver,1988,1109,12,https://letterboxd.com/film/stand-and-deliver/
186,Guardians of the Galaxy,2014,1109,12,https://letterboxd.com/film/guardians-of-the-galaxy/
187,Airplane!,1980,1109,12,https://letterboxd.com/film/airplane/
188,Guardians of the Galaxy: Volume 2,2017,1107,12,https://letterboxd.com/film/guardians-of-the-galaxy-volume-2/
189,Friday the 13th,1980,1106,12,https://letterboxd.com/film/friday-the-13th/
190,Back to the Future Part III,1990,1106,12,https://letterboxd.com/film/back-to-the-future-part-iii/
191,WarGames,1983,1103,12,https://letterboxd.com/film/wargames/
192,Finding Nemo,2003,1103,12,https://letterboxd.com/film/finding-nemo/
193,Rocky,1976,1102,12,https://letterboxd.com/film/rocky/
194,Elemental,2023,1102,12,https://letterboxd.com/film/elemental-2023/
195,The Lego Batman Movie,2017,1101,12,https://letterboxd.com/film/the-lego-batman-movie/
196,The Super Mario Bros. Movie,2023,1101,12,https://letterboxd.com/film/the-super-mario-bros-movie/
197,Harry Potter and the Prisoner of Azkaban,2004,1101,12,https://letterboxd.com/film/harry-potter-and-the-prisoner-of-azkaban/
198,The Hunger Games,2012,1101,12,https://letterboxd.com/film/the-hunger-games/
199,The Devil Wears Prada,2006,1100,12,https://letterboxd.com/film/the-devil-wears-prada/
200,Wreck-It Ralph,2012,1100,12,https://letterboxd.com/film/wreck-it-ralph/
201,The Emperor's New Groove,2000,1098,12,https://letterboxd.com/film/the-emperors-new-groove/
202,Civil War,2024,1097,12,https://letterboxd.com/film/civil-war-2024/
203,Bridge of Spies,2015,1095,12,https://letterboxd.com/film/bridge-of-spies/
204,Men in Black,1997,1094,12,https://letterboxd.com/film/men-in-black/
205,Robot Dreams,2023,1092,12,https://letterboxd.com/film/robot-dreams/
206,The Hunger Games: Catching Fire,2013,1092,12,https://letterboxd.com/film/the-hunger-games-catching-fire/
207,Monsters University,2013,1090,12,https://letterboxd.com/film/monsters-university/
208,Gifted,2017,1090,12,https://letterboxd.com/film/gifted-2017/
209,Up,2009,1089,12,https://letterboxd.com/film/up/
210,The Breakfast Club,1985,1089,12,https://letterboxd.com/film/the-breakfast-club/
211,Spider-Man: Homecoming,2017,1088,12,https://letterboxd.com/film/spider-man-homecoming/
212,Inside Out 2,2024,1087,12,https://letterboxd.com/film/inside-out-2-2024/
213,The Princess and the Frog,2009,1086,12,https://letterboxd.com/film/the-princess-and-the-frog/
214,The Avengers,2012,1084,12,https://letterboxd.com/film/the-avengers-2012/
215,Chicago,2002,1084,12,https://letterboxd.com/film/chicago/
216,Casino Royale,2006,1083,12,https://letterboxd.com/film/casino-royale-2006/
217,Black Panther,2018,1081,12,https://letterboxd.com/film/black-panther/
218,Batman,1989,1079,12,https://letterboxd.com/film/batman-1989/
219,Shaun of the Dead,2004,1078,12,https://letterboxd.com/film/shaun-of-the-dead/
220,Kung Fu Hustle,2004,1078,12,https://letterboxd.com/film/kung-fu-hustle/
221,The Tree of Life,2011,1075,12,https://letterboxd.com/film/the-tree-of-life-2011/
222,Big Hero 6,2014,1073,12,https://letterboxd.com/film/big-hero-6/
223,Tangled,2010,1073,12,https://letterboxd.com/film/tangled-2010/
224,The Founder,2016,1070,12,https://letterboxd.com/film/the-founder/
225,Doctor Strange,2016,1069,12,https://letterboxd.com/film/doctor-strange/
226,X-Men: First Class,2011,1069,12,https://letterboxd.com/film/x-men-first-class/
227,X-Men: Days of Future Past,2014,1068,12,https://letterboxd.com/film/x-men-days-of-future-past/
228,How to Train Your Dragon,2025,1065,12,https://letterboxd.com/film/how-to-train-your-dragon/
229,Little Shop of Horrors,1986,1064,12,https://letterboxd.com/film/little-shop-of-horrors/
230,The Hobbit: An Unexpected Journey,2012,1063,12,https://letterboxd.com/film/the-hobbit-an-unexpected-journey/
231,Anchorman: The Legend of Ron Burgundy,2004,1062,12,https://letterboxd.com/film/anchorman-the-legend-of-ron-burgundy/
232,Free Guy,2021,1062,12,https://letterboxd.com/film/free-guy/
233,Tarzan,1999,1061,12,https://letterboxd.com/film/tarzan/
234,Meet the Robinsons,2007,1060,13,https://letterboxd.com/film/meet-the-robinsons/
235,Indiana Jones and the Temple of Doom,1984,1060,12,https://letterboxd.com/film/indiana-jones-and-the-temple-of-doom/
236,Frozen,2013,1058,12,https://letterboxd.com/film/frozen-2013/
237,Harry Potter and the Order of the Phoenix,2007,1058,12,https://letterboxd.com/film/harry-potter-and-the-order-of-the-phoenix/
238,Caddyshack,1980,1056,12,https://letterboxd.com/film/caddyshack/
239,Luca,2021,1054,12,https://letterboxd.com/film/luca-2021/
240,Harry Potter and the Goblet of Fire,2005,1053,12,https://letterboxd.com/film/harry-potter-and-the-goblet-of-fire/
241,Atlantis: The Lost Empire,2001,1053,12,https://letterboxd.com/film/atlantis-the-lost-empire/
242,Final Destination,2000,1052,12,https://letterboxd.com/film/final-destination/
243,Avatar,2009,1051,12,https://letterboxd.com/film/avatar/
244,Wonder Woman,2017,1049,12,https://letterboxd.com/film/wonder-woman-2017/
245,Fried Green Tomatoes,1991,1049,12,https://letterboxd.com/film/fried-green-tomatoes/
246,A Minecraft Movie,2025,1047,12,https://letterboxd.com/film/a-minecraft-movie/
247,Rango,2011,1047,12,https://letterboxd.com/film/rango/
248,Shrek Forever After,2010,1045,12,https://letterboxd.com/film/shrek-forever-after/
249,Final Destination 2,2003,1043,12,https://letterboxd.com/film/final-destination-2/
250,Ant-Man,2015,1043,12,https://letterboxd.com/film/ant-man/
251,Watchmen,2009,1042,12,https://letterboxd.com/film/watchmen/
252,The Searchers,1956,1041,12,https://letterboxd.com/film/the-searchers/
253,Borat: Cultural Learnings of America for Make Benefit Glorious Nation of Kazakhstan,2006,1041,12,https://letterboxd.com/film/borat-cultural-learnings-of-america-for-make-benefit-glorious-nation-of-kazakhstan/
254,Big Fish,2003,1041,12,https://letterboxd.com/film/big-fish/
255,The Blind Side,2009,1040,12,https://letterboxd.com/film/the-blind-side/
256,Pacific Rim,2013,1037,12,https://letterboxd.com/film/pacific-rim/
257,Kingsman: The Golden Circle,2017,1035,12,https://letterboxd.com/film/kingsman-the-golden-circle/
258,Snow White and the Seven Dwarfs,1937,1034,12,https://letterboxd.com/film/snow-white-and-the-seven-dwarfs/
259,Harry Potter and the Half-Blood Prince,2009,1034,12,https://letterboxd.com/film/harry-potter-and-the-half-blood-prince/
260,Saw IV,2007,1034,12,https://letterboxd.com/film/saw-iv/
261,The Fox and the Hound,1981,1032,12,https://letterboxd.com/film/the-fox-and-the-hound/
262,Eraserhead,1977,1032,12,https://letterboxd.com/film/eraserhead/
263,Friday the 13th Part 2,1981,1031,12,https://letterboxd.com/film/friday-the-13th-part-2/
264,The Muppet Christmas Carol,1992,1030,12,https://letterboxd.com/film/the-muppet-christmas-carol/
265,Revenge of the Nerds,1984,1028,12,https://letterboxd.com/film/revenge-of-the-nerds/
266,The Outsiders,1983,1027,12,https://letterboxd.com/film/the-outsiders/
267,The Hitchhiker's Guide to the Galaxy,2005,1027,12,https://letterboxd.com/film/the-hitchhikers-guide-to-the-galaxy-2005/
268,Top Gun,1986,1026,12,https://letterboxd.com/film/top-gun/
269,Mr. Peabody and Sherman,2014,1023,12,https://letterboxd.com/film/mr-peabody-sherman/
270,Mrs. Doubtfire,1993,1023,12,https://letterboxd.com/film/mrs-doubtfire/
271,Tremors,1990,1020,12,https://letterboxd.com/film/tremors/
272,The Great Gatsby,2013,1018,12,https://letterboxd.com/film/the-great-gatsby-2013/
273,Dumb and Dumber,1994,1018,12,https://letterboxd.com/film/dumb-and-dumber/
274,Onward,2020,1017,12,https://letterboxd.com/film/onward-2020/
275,Sonic the Hedgehog 2,2022,1017,12,https://letterboxd.com/film/sonic-the-hedgehog-2/
276,Sleeping Beauty,1959,1016,12,https://letterboxd.com/film/sleeping-beauty/
277,A Bug's Life,1998,1015,12,https://letterboxd.com/film/a-bugs-life/
278,Sonic the Hedgehog,2020,1014,12,https://letterboxd.com/film/sonic-the-hedgehog/
279,Dr. Dolittle,1998,1013,12,https://letterboxd.com/film/dr-dolittle/
280,The Right Stuff,1983,1012,12,https://letterboxd.com/film/the-right-stuff/
281,Avengers: Age of Ultron,2015,1012,12,https://letterboxd.com/film/avengers-age-of-ultron/
282,Over the Hedge,2006,1012,12,https://letterboxd.com/film/over-the-hedge/
283,Murder on the Orient Express,2017,1011,12,https://letterboxd.com/film/murder-on-the-orient-express-2017/
284,Gremlins,1984,1010,12,https://letterboxd.com/film/gremlins/
285,Paranorman,2012,1008,12,https://letterboxd.com/film/paranorman/
286,The Spongebob Squarepants Movie,2004,1007,12,https://letterboxd.com/film/the-spongebob-squarepants-movie/
287,Mamma Mia!,2008,1007,12,https://letterboxd.com/film/mamma-mia/
288,Happy Feet,2006,1006,12,https://letterboxd.com/film/happy-feet/
289,Spider-Man: Far From Home,2019,1006,12,https://letterboxd.com/film/spider-man-far-from-home/
290,The Little Mermaid,1989,1004,12,https://letterboxd.com/film/the-little-mermaid/
291,The Muppets,2011,1003,12,https://letterboxd.com/film/the-muppets/
292,Star Trek,2009,1003,12,https://letterboxd.com/film/star-trek/
293,Men in Black 3,2012,1002,12,https://letterboxd.com/film/men-in-black-3/
294,Pirates of the Caribbean: Dead Man's Chest,2006,1002,12,https://letterboxd.com/film/pirates-of-the-caribbean-dead-mans-chest/
295,The Mummy,1999,1001,12,https://letterboxd.com/film/the-mummy-1999/
296,The Hobbit: The Battle of the Five Armies,2014,1001,12,https://letterboxd.com/film/the-hobbit-the-battle-of-the-five-armies/
297,Star Trek: Beyond,2016,1000,12,https://letterboxd.com/film/star-trek-beyond/
298,The Lego Ninjago Movie,2017,1000,12,https://letterboxd.com/film/the-lego-ninjago-movie/
299,Hocus Pocus,1993,999,12,https://letterboxd.com/film/hocus-pocus/
300,Pirates of the Caribbean: At World's End,2007,999,12,https://letterboxd.com/film/pirates-of-the-caribbean-at-worlds-end/
301,8 Mile,2002,998,12,https://letterboxd.com/film/8-mile/
302,Robots,2005,997,12,https://letterboxd.com/film/robots/
303,Bee Movie,2007,995,12,https://letterboxd.com/film/bee-movie/
304,An Extremely Goofy Movie,2000,994,12,https://letterboxd.com/film/an-extremely-goofy-movie/
305,Hoodwinked!,2005,992,12,https://letterboxd.com/film/hoodwinked/
306,Cars,2006,992,12,https://letterboxd.com/film/cars/
307,Godzilla: King of the Monsters,2019,991,12,https://letterboxd.com/film/godzilla-king-of-the-monsters-2019/
308,The Hobbit: The Desolation of Smaug,2013,990,12,https://letterboxd.com/film/the-hobbit-the-desolation-of-smaug/
309,Death of a Unicorn,2025,990,12,https://letterboxd.com/film/death-of-a-unicorn/
310,Napoleon Dynamite,2004,990,12,https://letterboxd.com/film/napoleon-dynamite/
311,Despicable Me,2010,989,12,https://letterboxd.com/film/despicable-me/
312,Final Destination 3,2006,989,12,https://letterboxd.com/film/final-destination-3/
313,National Treasure,2004,989,12,https://letterboxd.com/film/national-treasure/
314,Kick-Ass,2010,987,12,https://letterboxd.com/film/kick-ass/
315,Chronicles of Narnia: Prince Caspian,2008,986,12,https://letterboxd.com/film/the-chronicles-of-narnia-prince-caspian/
316,Ted,2012,985,12,https://letterboxd.com/film/ted/
317,Evolution,2001,985,12,https://letterboxd.com/film/evolution/
318,Real Steel,2011,984,12,https://letterboxd.com/film/real-steel/
319,Star Trek: Into Darkness,2013,984,12,https://letterboxd.com/film/star-trek-into-darkness/
320,Cars 3,2017,983,12,https://letterboxd.com/film/cars-3/
321,Spiral: From the Book of Saw,2021,981,12,https://letterboxd.com/film/spiral-from-the-book-of-saw/
322,Man of Steel,2013,981,12,https://letterboxd.com/film/man-of-steel/
323,Mean Girls,2004,981,12,https://letterboxd.com/film/mean-girls/
324,Captain America: The First Avenger,2011,981,12,https://letterboxd.com/film/captain-america-the-first-avenger/
325,Rudy,1993,981,12,https://letterboxd.com/film/rudy/
326,Annie,1982,980,12,https://letterboxd.com/film/annie/
327,The Sword in the Stone,1963,980,12,https://letterboxd.com/film/the-sword-in-the-stone/
328,My Hero Academia: The Movie,2018,980,12,https://letterboxd.com/film/my-hero-academia-the-movie/
329,Dirty Dancing,1987,979,12,https://letterboxd.com/film/dirty-dancing/
330,Amazing Grace,2006,979,12,https://letterboxd.com/film/amazing-grace-2006/
331,The Santa Clause,1994,978,12,https://letterboxd.com/film/the-santa-clause/
332,Ace Ventura: When Nature Calls,1995,977,12,https://letterboxd.com/film/ace-ventura-when-nature-calls/
333,Kung Fu Panda 3,2016,971,12,https://letterboxd.com/film/kung-fu-panda-3/
334,Toy Story 4,2019,970,12,https://letterboxd.com/film/toy-story-4/
335,Jurassic World,2015,970,12,https://letterboxd.com/film/jurassic-world/
336,Arthur Christmas,2011,969,12,https://letterboxd.com/film/arthur-christmas/
337,Dick Tracy,1990,969,12,https://letterboxd.com/film/dick-tracy/
338,"I, Robot",2004,968,12,https://letterboxd.com/film/i-robot/
339,Ace Ventura: Pet Detective,1994,967,12,https://letterboxd.com/film/ace-ventura-pet-detective/
340,The Aristocats,1970,966,12,https://letterboxd.com/film/the-aristocats/
341,A Goofy Movie,1995,966,12,https://letterboxd.com/film/a-goofy-movie/
342,Madagascar: Escape 2 Africa,2008,966,12,https://letterboxd.com/film/madagascar-escape-2-africa/
343,Madagascar 3: Europe's Most Wanted,2012,966,12,https://letterboxd.com/film/madagascar-3-europes-most-wanted/
344,Venom,2018,965,12,https://letterboxd.com/film/venom-2018/
345,Iron Man 3,2013,965,12,https://letterboxd.com/film/iron-man-3/
346,Harry Potter and the Sorcerer's Stone,2001,965,12,https://letterboxd.com/film/harry-potter-and-the-sorcerers-stone/
347,Look Who's Back,2015,964,12,https://letterboxd.com/film/look-whos-back-2015/
348,Brave,2012,964,12,https://letterboxd.com/film/brave-2012/
349,Idiocracy,2006,964,12,https://letterboxd.com/film/idiocracy/
350,The Mask,1994,963,12,https://letterboxd.com/film/the-mask-1994/
351,Lady and the Tramp,1955,962,12,https://letterboxd.com/film/lady-and-the-tramp/
352,Cloudy with a Chance of Meatballs,2009,961,12,https://letterboxd.com/film/cloudy-with-a-chance-of-meatballs/
353,Frozen 2,2019,958,12,https://letterboxd.com/film/frozen-2/
354,The Crucible,1996,958,12,https://letterboxd.com/film/the-crucible/
355,Saw VI,2009,957,12,https://letterboxd.com/film/saw-vi/
356,Spider-Man,2002,956,12,https://letterboxd.com/film/spider-man/
357,A Haunting in Venice,2023,954,12,https://letterboxd.com/film/a-haunting-in-venice/
358,300,2006,954,12,https://letterboxd.com/film/300/
359,Chicken Run,2000,952,12,https://letterboxd.com/film/chicken-run/
360,I'm Totally Fine,2023,951,12,https://letterboxd.com/film/im-totally-fine/
361,The Greatest Showman,2017,950,12,https://letterboxd.com/film/the-greatest-showman/
362,Star Wars: Episode VIII - The Last Jedi,2017,948,12,https://letterboxd.com/film/star-wars-episode-viii-the-last-jedi/
363,Space Jam,1996,948,12,https://letterboxd.com/film/space-jam/
364,Thor,2011,941,12,https://letterboxd.com/film/thor/
365,Peter Pan,1953,941,12,https://letterboxd.com/film/peter-pan/
366,Phineas and Ferb the Movie: Across the 2nd Dimension,2011,940,12,https://letterboxd.com/film/phineas-and-ferb-the-movie-across-the-2nd-dimension/
367,The Book of Life,2014,939,13,https://letterboxd.com/film/the-book-of-life-2014/
368,Minutemen,2008,938,12,https://letterboxd.com/film/minutemen/
369,101 Dalmatians,1996,936,12,https://letterboxd.com/film/101-dalmatians/
370,Charlie and the Chocolate Factory,2005,935,12,https://letterboxd.com/film/charlie-and-the-chocolate-factory/
371,Finding Dory,2016,934,12,https://letterboxd.com/film/finding-dory/
372,The Jungle Book,1967,934,12,https://letterboxd.com/film/the-jungle-book/
373,Star Wars: Episode II - Attack of the Clones,2002,933,12,https://letterboxd.com/film/star-wars-episode-ii-attack-of-the-clones/
374,Robin Hood,1973,930,12,https://letterboxd.com/film/robin-hood/
375,Friday the 13th Part III,1982,928,12,https://letterboxd.com/film/friday-the-13th-part-iii/
376,Ghostbusters: Frozen Empire,2024,926,12,https://letterboxd.com/film/ghostbusters-frozen-empire/
377,Star Wars: Episode I - The Phantom Menace,1999,926,12,https://letterboxd.com/film/star-wars-episode-i-the-phantom-menace/
378,War of the Worlds,2005,926,12,https://letterboxd.com/film/war-of-the-worlds/
379,A Nightmare on Elm Street 4: The Dream Master,1988,926,12,https://letterboxd.com/film/a-nightmare-on-elm-street-4-the-dream-master/
380,Monsters vs. Aliens,2009,926,12,https://letterboxd.com/film/monsters-vs-aliens/
381,Casper,1995,925,12,https://letterboxd.com/film/casper/
382,Talladega Nights: The Ballad of Ricky Bobby,2006,924,12,https://letterboxd.com/film/talladega-nights-the-ballad-of-ricky-bobby/
383,Transcendence,2014,921,12,https://letterboxd.com/film/transcendence/
384,Incredibles 2,2018,921,12,https://letterboxd.com/film/incredibles-2/
385,The Parent Trap,1998,921,12,https://letterboxd.com/film/the-parent-trap-1998/
386,21,2008,920,12,https://letterboxd.com/film/21/
387,Doctor Strange in the Multiverse of Madness,2022,920,12,https://letterboxd.com/film/doctor-strange-in-the-multiverse-of-madness/
388,Enchanted,2007,919,12,https://letterboxd.com/film/enchanted/
389,Beauty and the Beast,2017,918,12,https://letterboxd.com/film/beauty-and-the-beast-2017/
390,"The Chronicles of Narnia: The Lion, the Witch, and the Wardrobe",2005,917,12,https://letterboxd.com/film/the-chronicles-of-narnia-the-lion-the-witch-and-the-wardrobe/
391,Solo: A Star Wars Story,2018,915,12,https://letterboxd.com/film/solo-a-star-wars-story/
392,Bolt,2008,914,12,https://letterboxd.com/film/bolt/
393,Ice Age: The Meltdown,2006,913,12,https://letterboxd.com/film/ice-age-the-meltdown/
394,Miss Congeniality,2000,913,12,https://letterboxd.com/film/miss-congeniality/
395,The Peanuts Movie,2015,910,12,https://letterboxd.com/film/the-peanuts-movie/
396,Flushed Away,2006,910,12,https://letterboxd.com/film/flushed-away/
397,Despicable Me 2,2013,910,12,https://letterboxd.com/film/despicable-me-2/
398,Final Destination 5,2011,909,12,https://letterboxd.com/film/final-destination-5/
399,Thor: The Dark World,2013,909,12,https://letterboxd.com/film/thor-the-dark-world/
400,Hot Tub Time Machine,2010,906,12,https://letterboxd.com/film/hot-tub-time-machine/
401,Ammonite,2020,905,12,https://letterboxd.com/film/ammonite/
402,The Amazing Spider-Man,2012,904,12,https://letterboxd.com/film/the-amazing-spider-man/
403,Black Widow,2021,904,12,https://letterboxd.com/film/black-widow-2021/
404,The Incredible Hulk,2008,903,12,https://letterboxd.com/film/the-incredible-hulk/
405,The Jungle Book,2016,903,12,https://letterboxd.com/film/the-jungle-book-2016/
406,The Hunger Games: Mockingjay Part 2,2015,903,13,https://letterboxd.com/film/the-hunger-games-mockingjay-part-2/
407,Maleficent,2014,903,12,https://letterboxd.com/film/maleficent/
408,Kim Possible Movie: So the Drama,2005,902,12,https://letterboxd.com/film/kim-possible-movie-so-the-drama/
409,Now You See Me,2013,901,12,https://letterboxd.com/film/now-you-see-me/
410,Tremors II: Aftershocks,1996,900,12,https://letterboxd.com/film/tremors-ii-aftershocks/
411,My Girl,1991,899,12,https://letterboxd.com/film/my-girl/
412,The Amazing Spider-Man 2,2014,894,12,https://letterboxd.com/film/the-amazing-spider-man-2/
413,Christopher Robin,2018,893,12,https://letterboxd.com/film/christopher-robin/
414,The Little Rascals,1994,893,12,https://letterboxd.com/film/the-little-rascals/
415,National Treasure: Book of Secrets,2007,892,12,https://letterboxd.com/film/national-treasure-book-of-secrets/
416,Indiana Jones and the Kingdom of the Crystal Skull,2008,889,12,https://letterboxd.com/film/indiana-jones-and-the-kingdom-of-the-crystal-skull/
417,The 40-Year-Old Virgin,2005,888,12,https://letterboxd.com/film/the-40-year-old-virgin/
418,Smart House,1999,887,12,https://letterboxd.com/film/smart-house/
419,Ice Age: Dawn of the Dinosaurs,2009,886,12,https://letterboxd.com/film/ice-age-dawn-of-the-dinosaurs/
420,Hotel Transylvania,2012,886,12,https://letterboxd.com/film/hotel-transylvania/
421,Iron Man 2,2010,885,12,https://letterboxd.com/film/iron-man-2/
422,Spy Kids,2001,885,12,https://letterboxd.com/film/spy-kids/
423,Trolls,2016,885,12,https://letterboxd.com/film/trolls/
424,Tinker Bell,2008,883,12,https://letterboxd.com/film/tinkerbell/
425,Lemonade Mouth,2011,883,12,https://letterboxd.com/film/lemonade-mouth/
426,The Day After Tomorrow,2004,882,12,https://letterboxd.com/film/the-day-after-tomorrow/
427,Ice Age,2002,882,12,https://letterboxd.com/film/ice-age/
428,Planet 51,2009,881,12,https://letterboxd.com/film/planet-51/
429,Harry Potter and the Chamber of Secrets,2002,878,12,https://letterboxd.com/film/harry-potter-and-the-chamber-of-secrets/
430,Fantastic Four,2005,878,12,https://letterboxd.com/film/fantastic-four-2005/
431,The Dictator,2012,874,12,https://letterboxd.com/film/the-dictator-2012/
432,Harry Potter and the Deathly Hallows: Part 1,2010,872,12,https://letterboxd.com/film/harry-potter-and-the-deathly-hallows-part-1/
433,Meet Dave,2008,872,12,https://letterboxd.com/film/meet-dave/
434,Cats & Dogs,2001,871,12,https://letterboxd.com/film/cats-dogs/
435,Kick-Ass 2,2013,871,12,https://letterboxd.com/film/kick-ass-2/
436,The Santa Clause 2,2002,870,12,https://letterboxd.com/film/the-santa-clause-2/
437,Return to Never Land,2002,868,12,https://letterboxd.com/film/return-to-never-land/
438,Small Soldiers,1998,867,12,https://letterboxd.com/film/small-soldiers/
439,Star Wars: The Rise of Skywalker,2019,867,12,https://letterboxd.com/film/star-wars-the-rise-of-skywalker/
440,World War Z,2013,867,13,https://letterboxd.com/film/world-war-z/
441,Tremors 3: Back to Perfection,2001,866,12,https://letterboxd.com/film/tremors-3-back-to-perfection/
442,Flamin' Hot,2023,866,12,https://letterboxd.com/film/flamin-hot/
443,Jurassic World: Rebirth,2025,865,12,https://letterboxd.com/film/jurassic-world-rebirth/
444,High School Musical,2006,861,12,https://letterboxd.com/film/high-school-musical/
445,High School Musical 3: Senior Year,2008,861,12,https://letterboxd.com/film/high-school-musical-3-senior-year/
446,High School Musical 2,2007,860,12,https://letterboxd.com/film/high-school-musical-2/
447,Zathura: A Space Adventure,2005,860,12,https://letterboxd.com/film/zathura-a-space-adventure/
448,Horton Hears a Who!,2008,859,12,https://letterboxd.com/film/horton-hears-a-who-2008/
449,Spider-Man 3,2007,858,12,https://letterboxd.com/film/spider-man-3/
450,Happy Feet Two,2011,857,12,https://letterboxd.com/film/happy-feet-two/
451,Monster House,2006,856,12,https://letterboxd.com/film/monster-house/
452,Shanghai Knights,2003,853,12,https://letterboxd.com/film/shanghai-knights/
453,The Santa Clause 3: The Escape Clause,2006,852,12,https://letterboxd.com/film/the-santa-clause-3-the-escape-clause/
454,Jungle Cruise,2020,852,12,https://letterboxd.com/film/jungle-cruise/
455,Hocus Pocus 2,2022,851,12,https://letterboxd.com/film/hocus-pocus-2/
456,Diary of a Wimpy Kid,2010,851,12,https://letterboxd.com/film/diary-of-a-wimpy-kid/
457,Looney Tunes: Back in Action,2003,850,12,https://letterboxd.com/film/looney-tunes-back-in-action/
458,This is the End,2013,850,12,https://letterboxd.com/film/this-is-the-end/
459,Shrek the Third,2007,849,12,https://letterboxd.com/film/shrek-the-third/
460,The Human Centipede (First Sequence),2009,848,12,https://letterboxd.com/film/the-human-centipede-first-sequence/
461,How to Lose a Guy in 10 Days,2003,848,12,https://letterboxd.com/film/how-to-lose-a-guy-in-10-days/
462,Rio,2011,846,12,https://letterboxd.com/film/rio-2011/
463,Lilo & Stitch 2: Stitch Has a Glitch,2005,844,12,https://letterboxd.com/film/lilo-stitch-2-stitch-has-a-glitch/
464,The Lorax,2012,841,12,https://letterboxd.com/film/the-lorax-2012/
465,Open Season,2006,839,12,https://letterboxd.com/film/open-season/
466,Cow Belles,2006,838,12,https://letterboxd.com/film/cow-belles/
467,The Nut Job,2014,838,12,https://letterboxd.com/film/the-nut-job/
468,Madagascar,2005,837,12,https://letterboxd.com/film/madagascar/
469,The Ant Bully,2006,836,12,https://letterboxd.com/film/the-ant-bully/
470,Battleship,2012,835,12,https://letterboxd.com/film/battleship/
471,Oz the Great and Powerful,2013,835,12,https://letterboxd.com/film/oz-the-great-and-powerful/
472,G-Force,2009,833,12,https://letterboxd.com/film/g-force/
473,Gnomeo and Juliet,2011,833,12,https://letterboxd.com/film/gnomeo-juliet/
474,Let it Shine,2012,829,12,https://letterboxd.com/film/let-it-shine/
475,Men in Black 2,2002,829,12,https://letterboxd.com/film/men-in-black-2/
476,Sing 2,2021,828,12,https://letterboxd.com/film/sing-2/
477,Jurassic World: Fallen Kingdom,2018,828,12,https://letterboxd.com/film/jurassic-world-fallen-kingdom/
478,Shark Tale,2004,828,12,https://letterboxd.com/film/shark-tale/
479,Leo,2023,828,12,https://letterboxd.com/film/leo-2023/
480,The Waterboy,1998,826,12,https://letterboxd.com/film/the-waterboy/
481,The Ultimate Christmas Present,2000,824,13,https://letterboxd.com/film/the-ultimate-christmas-present/
482,Cars 2,2011,824,12,https://letterboxd.com/film/cars-2/
483,Superman Returns,2006,823,12,https://letterboxd.com/film/superman-returns/
484,Despicable Me 3,2017,819,12,https://letterboxd.com/film/despicable-me-3/
485,The Game Plan,2007,818,12,https://letterboxd.com/film/the-game-plan/
486,Ghostbusters,2016,816,12,https://letterboxd.com/film/ghostbusters/
487,Diary of a Wimpy Kid: Rodrick Rules,2011,814,12,https://letterboxd.com/film/diary-of-a-wimpy-kid-rodrick-rules/
488,Home on the Range,2004,810,12,https://letterboxd.com/film/home-on-the-range/
489,Paul Blart: Mall Cop,2009,809,12,https://letterboxd.com/film/paul-blart-mall-cop/
490,Lady and the Tramp,2019,809,12,https://letterboxd.com/film/lady-and-the-tramp/
491,Transformers,2007,809,12,https://letterboxd.com/film/transformers/
492,Zenon: Z3,2004,808,12,https://letterboxd.com/film/zenon-z3/
493,Wendy Wu: Homecoming Warrior,2006,808,12,https://letterboxd.com/film/wendy-wu-homecoming-warrior/
494,Jurassic World: Dominion,2022,807,13,https://letterboxd.com/film/jurassic-world-dominion/
495,Tremors 4: The Legend Begins,2004,806,12,https://letterboxd.com/film/tremors-4-the-legend-begins/
496,Coyote Ugly,2000,805,12,https://letterboxd.com/film/coyote-ugly/
497,Divergent,2014,805,12,https://letterboxd.com/film/divergent/
498,Legally Blonde,2001,804,12,https://letterboxd.com/film/legally-blonde/
499,We're the Millers,2013,803,12,https://letterboxd.com/film/were-the-millers/
500,Ice Age: Continental Drift,2012,803,12,https://letterboxd.com/film/ice-age-continental-drift/
501,The Hunger Games: Mockingjay Part 1,2014,802,12,https://letterboxd.com/film/the-hunger-games-mockingjay-part-1/
502,Race to Witch Mountain,2009,802,12,https://letterboxd.com/film/race-to-witch-mountain/
503,Percy Jackson and the Olympians: The Lightning Thief,2010,799,12,https://letterboxd.com/film/percy-jackson-the-olympians-the-lightning-thief/
504,Alice in Wonderland,2010,798,12,https://letterboxd.com/film/alice-in-wonderland-2010/
505,Emilia PÃ©rez,2023,798,12,https://letterboxd.com/film/emilia-perez/
506,Brother Bear,2003,796,12,https://letterboxd.com/film/brother-bear/
507,Sing,2016,794,12,https://letterboxd.com/film/sing-2016/
508,Teenage Mutant Ninja Turtles,2014,794,12,https://letterboxd.com/film/teenage-mutant-ninja-turtles-2014/
509,The Fault in Our Stars,2014,792,12,https://letterboxd.com/film/the-fault-in-our-stars/
510,The Final Destination,2009,792,12,https://letterboxd.com/film/the-final-destination/
511,Chicken Little,2005,792,13,https://letterboxd.com/film/chicken-little/
512,Lady and the Tramp II: Scamp's Adventure,2001,790,12,https://letterboxd.com/film/lady-and-the-tramp-ii-scamps-adventure/
513,Sharpay's Fabulous Adventure,2011,788,12,https://letterboxd.com/film/sharpays-fabulous-adventure/
514,Trolls Band Together,2023,787,12,https://letterboxd.com/film/trolls-band-together/
515,Transformers: Dark of the Moon,2011,786,12,https://letterboxd.com/film/transformers-dark-of-the-moon/
516,The Core,2003,786,12,https://letterboxd.com/film/the-core/
517,Descendants,2015,785,12,https://letterboxd.com/film/descendants-2015/
518,The Monuments Men,2014,785,12,https://letterboxd.com/film/the-monuments-men/
519,The Dog Who Saved Christmas,2009,784,12,https://letterboxd.com/film/the-dog-who-saved-christmas/
520,Wizards of Waverly Place: The Movie,2009,784,12,https://letterboxd.com/film/wizards-of-waverly-place-the-movie/
521,Parental Guidance,2012,780,12,https://letterboxd.com/film/parental-guidance-2012/
522,White House Down,2013,779,12,https://letterboxd.com/film/white-house-down/
523,Hotel for Dogs,2009,778,12,https://letterboxd.com/film/hotel-for-dogs/
524,Radio Rebel,2012,775,12,https://letterboxd.com/film/radio-rebel/
525,Dr. Dolittle 2,2001,775,12,https://letterboxd.com/film/dr-dolittle-2/
526,Spy Kids 2: Island of Lost Dreams,2002,775,12,https://letterboxd.com/film/spy-kids-2-island-of-lost-dreams/
527,Cats & Dogs: The Revenge of Kitty Galore,2010,775,14,https://letterboxd.com/film/cats-dogs-the-revenge-of-kitty-galore/
528,Red One,2024,774,12,https://letterboxd.com/film/red-one/
529,Camp Rock,2008,772,12,https://letterboxd.com/film/camp-rock/
530,Tinker Bell and the Lost Treasure,2009,770,12,https://letterboxd.com/film/tinker-bell-and-the-lost-treasure/
531,Suicide Squad,2016,770,12,https://letterboxd.com/film/suicide-squad-2016/
532,Diary of a Wimpy Kid: Dog Days,2012,770,12,https://letterboxd.com/film/diary-of-a-wimpy-kid-dog-days/
533,Transformers: Revenge of the Fallen,2009,770,12,https://letterboxd.com/film/transformers-revenge-of-the-fallen/
534,"Good Luck Charlie, It's Christmas!",2011,767,12,https://letterboxd.com/film/good-luck-charlie-its-christmas/
535,The Suite Life Movie,2011,766,12,https://letterboxd.com/film/the-suite-life-movie/
536,The Meg,2018,766,12,https://letterboxd.com/film/the-meg/
537,Open Season 2,2008,765,12,https://letterboxd.com/film/open-season-2/
538,Twilight,2008,765,12,https://letterboxd.com/film/twilight-2008/
539,Legally Blondes,2009,763,12,https://letterboxd.com/film/legally-blondes/
540,Volcano,1997,763,12,https://letterboxd.com/film/volcano/
541,Leroy and Stitch,2006,762,12,https://letterboxd.com/film/leroy-and-stitch/
542,Minions,2015,761,12,https://letterboxd.com/film/minions/
543,Transformers: Age of Extinction,2014,759,12,https://letterboxd.com/film/transformers-age-of-extinction/
544,Tooth Fairy,2010,759,12,https://letterboxd.com/film/tooth-fairy-2010/
545,Zack and Miri Make a Porno,2008,758,12,https://letterboxd.com/film/zack-and-miri-make-a-porno/
546,Robocop,2014,756,12,https://letterboxd.com/film/robocop-2014/
547,Mirror Mirror,2012,756,12,https://letterboxd.com/film/mirror-mirror-2012/
548,The Twilight Saga: Breaking Dawn - Part 2,2012,753,12,https://letterboxd.com/film/the-twilight-saga-breaking-dawn-part-2/
549,Cloud 9,2014,752,12,https://letterboxd.com/film/cloud-9-2014/
550,Girl vs. Monster,2012,751,12,https://letterboxd.com/film/girl-vs-monster/
551,Camp Rock 2: The Final Jam,2010,750,12,https://letterboxd.com/film/camp-rock-2-the-final-jam/
552,Batman & Robin,1997,747,12,https://letterboxd.com/film/batman-robin/
553,Zapped,2014,746,12,https://letterboxd.com/film/zapped-2014/
554,Rio 2,2014,746,12,https://letterboxd.com/film/rio-2/
555,Casper Meets Wendy,1998,746,12,https://letterboxd.com/film/casper-meets-wendy/
556,Princess Protection Program,2009,745,12,https://letterboxd.com/film/princess-protection-program/
557,Geek Charming,2011,744,12,https://letterboxd.com/film/geek-charming/
558,Teen Beach Movie,2013,742,12,https://letterboxd.com/film/teen-beach-movie/
559,The Boss Baby,2017,734,12,https://letterboxd.com/film/the-boss-baby/
560,Trolls World Tour,2020,733,12,https://letterboxd.com/film/trolls-world-tour/
561,Pitch Perfect,2012,733,12,https://letterboxd.com/film/pitch-perfect/
562,Tinker Bell and the Great Fairy Rescue,2010,733,12,https://letterboxd.com/film/tinker-bell-and-the-great-fairy-rescue/
563,How to Build a Better Boy,2014,730,12,https://letterboxd.com/film/how-to-build-a-better-boy/
564,Beverly Hills Chihuahua,2008,729,12,https://letterboxd.com/film/beverly-hills-chihuahua/
565,Grown Ups,2010,727,12,https://letterboxd.com/film/grown-ups/
566,Hop,2011,726,12,https://letterboxd.com/film/hop/
567,Secret of the Wings,2012,725,12,https://letterboxd.com/film/secret-of-the-wings/
568,Pixels,2015,725,12,https://letterboxd.com/film/pixels-2015/
569,Bad Hair Day,2015,724,12,https://letterboxd.com/film/bad-hair-day/
570,The Little Mermaid II: Return to the Sea,2000,724,12,https://letterboxd.com/film/the-little-mermaid-ii-return-to-the-sea/
571,Fireheart,2022,716,12,https://letterboxd.com/film/fireheart/
572,Dadnapped,2009,715,12,https://letterboxd.com/film/dadnapped/
573,Ride Along,2014,715,12,https://letterboxd.com/film/ride-along/
574,Bedtime Stories,2008,714,12,https://letterboxd.com/film/bedtime-stories/
575,Monte Carlo,2011,711,12,https://letterboxd.com/film/monte-carlo/
576,The Pirate Fairy,2014,710,12,https://letterboxd.com/film/the-pirate-fairy/
577,The Twilight Saga: Breaking Dawn Part 1,2011,709,12,https://letterboxd.com/film/the-twilight-saga-breaking-dawn-part-1/
578,Spy Kids 3-D: Game Over,2003,706,12,https://letterboxd.com/film/spy-kids-3-d-game-over/
579,Snow Buddies,2008,703,12,https://letterboxd.com/film/snow-buddies/
580,Dr. Dolittle: Tail to the Chief,2008,703,12,https://letterboxd.com/film/dr-dolittle-tail-to-the-chief/
581,Blades of Glory,2006,703,12,https://letterboxd.com/film/blades-of-glory/
582,Space Buddies,2009,702,12,https://letterboxd.com/film/space-buddies/
583,Zookeeper,2011,700,12,https://letterboxd.com/film/zookeeper/
584,Twitches Too,2007,696,12,https://letterboxd.com/film/twitches-too/
585,Beverly Hills Chihuahua 2,2011,690,12,https://letterboxd.com/film/beverly-hills-chihuahua-2/
586,Frenemies,2012,690,12,https://letterboxd.com/film/frenemies/
587,Teen Beach 2,2015,689,12,https://letterboxd.com/film/teen-beach-2/
588,Escape from Planet Earth,2013,688,12,https://letterboxd.com/film/escape-from-planet-earth/
589,Twitches,2005,687,12,https://letterboxd.com/film/twitches/
590,The Boss Baby: Family Business,2021,685,12,https://letterboxd.com/film/the-boss-baby-family-business/
591,Grown Ups 2,2013,678,12,https://letterboxd.com/film/grown-ups-2/
592,Ramona and Beezus,2010,676,12,https://letterboxd.com/film/ramona-and-beezus/
593,Tremors: A Cold Day in Hell,2018,675,12,https://letterboxd.com/film/tremors-a-cold-day-in-hell/
594,Avalon High,2010,673,12,https://letterboxd.com/film/avalon-high/
595,Epic Movie,2007,672,12,https://letterboxd.com/film/epic-movie/
596,Percy Jackson: Sea of Monsters,2013,671,12,https://letterboxd.com/film/percy-jackson-sea-of-monsters/
597,Santa Buddies,2009,662,12,https://letterboxd.com/film/santa-buddies/
598,Spellbound,2024,653,12,https://letterboxd.com/film/spellbound-2024/
599,Tooth Fairy 2,2012,651,12,https://letterboxd.com/film/tooth-fairy-2/
600,Pitch Perfect 2,2015,651,12,https://letterboxd.com/film/pitch-perfect-2/
601,"Legally Blonde 2: Red, White & Blonde",2003,650,12,https://letterboxd.com/film/legally-blonde-2-red-white-blonde/
602,After Earth,2013,646,12,https://letterboxd.com/film/after-earth/
603,Clueless,1995,646,12,https://letterboxd.com/film/clueless/
604,The DUFF,2015,641,12,https://letterboxd.com/film/the-duff/
605,The Last Airbender,2010,636,12,https://letterboxd.com/film/the-last-airbender/
606,Jack and Jill,2011,606,12,https://letterboxd.com/film/jack-and-jill/
